created_at,id_str,full_text,quote_count,reply_count,retweet_count,favorite_count,lang,user_id_str,conversation_id_str,username,tweet_url,mention_username
Thu Nov 09 23:59:43 +0000 2023,1722765946278891792,"On October 7, one of these upstanding non-anti-Semitic Hamas chaps called his parents and said Mother, Father, I just killed 10 Jews"" and they all celebrated together over the phone.  I'm sure he is not a fair representative of an otherwise tolerant and peaceful organisation.""",23,560,840,6035,en,1495726466,1722765946278891792,KonstantinKisin,https://twitter.com/KonstantinKisin/status/1722765946278891792,
Thu Nov 09 23:57:11 +0000 2023,1722765305988944306,It's wild how the Palestinian people are not blaming Israel. They're blaming Hamas.....   Free Palestine from Hamas.,3,1,44,145,en,1153603275306033152,1722765305988944306,WonderKing82,https://twitter.com/WonderKing82/status/1722765305988944306,
Thu Nov 09 23:56:34 +0000 2023,1722765154834592020,"@mehdirhasan I don't think the Guardian is a good source on this. There could have been many reasons why Israel rejected this deal. And we don't know them. And if this deal was even seriously on the table or just another one of Hamas false promises"".""",1,50,4,136,en,755870408470134784,1722763333076451662,karshanandrea,https://twitter.com/karshanandrea/status/1722765154834592020,mehdirhasan
Thu Nov 09 23:56:23 +0000 2023,1722765108479222193,"israel and everyone else knows there's no hamas there, just utter extermination of an identity, no headlines, no media outrage. it's just the normal thing now",2,5,939,2803,en,820759753945186304,1722765108479222193,BesDMarx,https://twitter.com/BesDMarx/status/1722765108479222193,
Thu Nov 09 23:55:30 +0000 2023,1722764884277080521,"Many of the people stridently demanding that Palestinians should apologize for atrocities committed by Hamas are the same people who insist America should never apologize for Hiroshima or Nagasaki (or My Lai or Wounded Knee or slavery or, come to think of it, anything at all).",0,4,53,132,en,1387117828197654531,1722764884277080521,JeffreyStClair3,https://twitter.com/JeffreyStClair3/status/1722764884277080521,
Thu Nov 09 23:54:50 +0000 2023,1722764716257194334,"It is THE best interview about Israel and Hamas! ‚ÄûHamas are worse than Nazis!‚Äú ‚ÄûWho are we, lecturing Israel?‚Äú ‚ÄûWe are the weak link in the west, not Israel!‚Äú üëèüáÆüá±",3,8,67,239,en,2995763609,1722764716257194334,chriguth2,https://twitter.com/chriguth2/status/1722764716257194334,
Thu Nov 09 23:54:24 +0000 2023,1722764606387446043,"üö® FOOTAGE: THEN THERE IS NO ISRAEL""  Netanyahu comments on a statement made by United States Representative Rashida Tlaib, that was censored by the Congress for her rhetoric about the Israel-Hamas war  ""From the river to the sea means there is no Israel  This woman calls for‚Ä¶ https://t.co/Ab5DEs6HtJ""",81,869,315,1267,en,1319287761048723458,1722764606387446043,MarioNawfal,https://twitter.com/MarioNawfal/status/1722764606387446043,
Thu Nov 09 23:54:18 +0000 2023,1722764584027906399,"The last time they were seen alive. Not long afterwards, 13 Israeli senior citizens were murdered by Hamas on Oct 7. https://t.co/Q2ZDeJTcNI",12,82,333,875,en,2161051908,1722764584027906399,AvivaKlompas,https://twitter.com/AvivaKlompas/status/1722764584027906399,
Thu Nov 09 23:54:17 +0000 2023,1722764576536617472,@IOwlex @sadthedreamer How is supporting Palestinians rights to not be genocided the same as supporting Hamas?,1,3,5,196,en,1703876513441992704,1722654324021485949,to_ven83465,https://twitter.com/to_ven83465/status/1722764576536617472,"IOwlex, sadthedreamer"
Thu Nov 09 23:53:56 +0000 2023,1722764488074539320,"The NY Times building in NYC Pro Palestinian/ Pro Hamas protesters attempt to enter the building , lucky the NYPD was there to stop them  üé• by @LeeroyPress  For licensing email Leeroypress@gmail.com https://t.co/bdm0sAplQA",11,85,115,248,en,1486068736306167823,1722764488074539320,ViralNewsNYC,https://twitter.com/ViralNewsNYC/status/1722764488074539320,"LeeroyPress, gmail"
Thu Nov 09 23:53:14 +0000 2023,1722764314099011765,"PM Netanyahu   What will happen to Gaza? Hamas will be eliminated, and civilian government put in place. Anyone who goes around killing be terminated. The Gaza people need to be rehabilitated.   Western Universities are not teaching students how to think, only how to protest. https://t.co/fMpBbrpfZU",11,39,191,268,en,2256965582,1722764314099011765,sxdoc,https://twitter.com/sxdoc/status/1722764314099011765,
Thu Nov 09 23:52:14 +0000 2023,1722764062608773534,"@MarioNawfal It‚Äôs not acceptable. So ask Hamas! Ask Hamas why they hide behind the civilian facilities, using people as human shields? Ask why billions of üí∏ are in the leading Hamas terrorists‚Äô bank accounts? Ask why did Hamas break the peace and kill innocent people on 7 Oct?! Ceasefire and‚Ä¶",2,26,60,432,en,1313128625680592896,1722741221464932633,DrLiMengYAN1,https://twitter.com/DrLiMengYAN1/status/1722764062608773534,MarioNawfal
Thu Nov 09 23:52:13 +0000 2023,1722764056996860077,@GeoRebekah I understand your loyalty to your friend and how your relationship informs your knowledge of her intent but if some had yelled ‚Äúall of them‚Äù in reference to Israelis there would rightfully be an uproar. If she meant only Hamas why has she not publicly clarified this?,0,1,6,668,en,2881279645,1722753572142453232,brenton222,https://twitter.com/brenton222/status/1722764056996860077,GeoRebekah
Thu Nov 09 23:51:55 +0000 2023,1722763981537042819,"It‚Äôs not acceptable. So ask Hamas! Ask Hamas why they hide behind the civilian facilities, using people as human shields? Ask why billions of üí∏ are in the leading Hamas terrorists‚Äô bank accounts? Ask why did Hamas break the peace and kill innocent people on 7 Oct?! Ceasefire and‚Ä¶",5,50,213,595,en,1313128625680592896,1722763981537042819,DrLiMengYAN1,https://twitter.com/DrLiMengYAN1/status/1722763981537042819,
Thu Nov 09 23:50:59 +0000 2023,1722763748673237072,üôèüáÆüá± Thank you @ElonMusk for standing with #Israel. You should also kill Hamas supporter accounts on your platform. https://t.co/NhE4bZFzOe,5,26,62,205,en,754718787237281792,1722763748673237072,Terror_Alarm,https://twitter.com/Terror_Alarm/status/1722763748673237072,ElonMusk
Thu Nov 09 23:50:53 +0000 2023,1722763721276113255,@Marx_Sys @shaTIRED the family that runs my favorite restaurant was called Hamas-lovers for making this exact same food,0,2,3,151,en,41322293,1722742262084354469,del4rel,https://twitter.com/del4rel/status/1722763721276113255,"Marx_Sys, shaTIRED"
Thu Nov 09 23:49:56 +0000 2023,1722763485203857813,Racism = accusing Hamas of doing exactly what they‚Äôre doing.  Resistance = killing all the Jews.,2,1,36,148,en,1020580332016361472,1722763485203857813,ighaworth,https://twitter.com/ighaworth/status/1722763485203857813,
Thu Nov 09 23:48:15 +0000 2023,1722763059255484505,"Little boy before Hamas.  Little boy after Hamas.   But sure, the hostages are being treated *so* well that @ICRC has felt *no need to check on them since they were kidnapped 7th October*.   Probably the wrong sort of humans for their humanitarian aid. üôÑ  https://t.co/Mzma6Xu0Va",2,11,62,173,en,231494207,1722763059255484505,jobellerina,https://twitter.com/jobellerina/status/1722763059255484505,ICRC
Thu Nov 09 23:48:08 +0000 2023,1722763030235140459,"It is not that Israel targets Hamas and children stand in front of Hamas fighters.  It is the Israeli army targeting children, hoping that the Hamas fighters may be close by.  Most of the time they are not. So, only the children die.   Fight Hamas instead. https://t.co/a70leauMSA",11,21,113,126,en,820723171112448001,1722763030235140459,AlternatNews,https://twitter.com/AlternatNews/status/1722763030235140459,
Thu Nov 09 23:48:08 +0000 2023,1722763029471982072,"Israel has lashed the New York Times, Associated Press, Reuters and CNN over allegations photographers and journalists who worked at the outlets had prior knowledge"" of terror group Hamas' attacks on October 7.  https://t.co/jeniEVfC6Y""",5,50,39,132,en,16834659,1722763029471982072,SkyNewsAust,https://twitter.com/SkyNewsAust/status/1722763029471982072,
Thu Nov 09 23:47:14 +0000 2023,1722762805751763407,"*BREAKING:* Israeli parliament member Danny Danon says the photojournalists"" who took part in recording the Hamas assault will be added to the Shin Bet elimination list which includes  all those who participated in the October 7th massacre. https://t.co/ZAGvRyKw2q""",8,29,42,154,en,3117728040,1722762805751763407,VictorNakba,https://twitter.com/VictorNakba/status/1722762805751763407,
Thu Nov 09 23:46:35 +0000 2023,1722762640953422031,"Cannot stress enough that the staggering surge in antisemitism is entirely a necessary reaction, for antisemites, to the staggering horror of what Hamas did on the 7th October",2,4,26,118,en,1027647526013419521,1722762640953422031,ShowerAbsolute,https://twitter.com/ShowerAbsolute/status/1722762640953422031,
Thu Nov 09 23:46:27 +0000 2023,1722762607914815644,Former Israeli PM Bennett rejects pitch for three-day pause in Israel-Hamas war: 'Very bad idea' https://t.co/nvckhUL7Vj,3,103,29,251,en,1367531,1722762607914815644,FoxNews,https://twitter.com/FoxNews/status/1722762607914815644,
Thu Nov 09 23:46:19 +0000 2023,1722762574582755649,"Our identity is one, our opinions are many.  There is not a single cell in my body that‚Äôs not proud of my Arab heritage.  There is not a single cell in my brain that thinks we should let Islamism, such as Hamas, see another light of day. Islamism hurts Arabs more than anybody‚Ä¶",5,35,163,817,en,39344961,1722762574582755649,hahussain,https://twitter.com/hahussain/status/1722762574582755649,
Thu Nov 09 23:46:11 +0000 2023,1722762537869951164,"This clip is unbelievable.  They haven‚Äôt a clue. They can‚Äôt eat it, wear it or drink it - so they don‚Äôt bother to find out about it.  Yes sweetie Hamas massacred Jewish people, do keep up. You give youngsters a bad name.",1,11,47,187,en,2170986966,1722762537869951164,sandieshoes,https://twitter.com/sandieshoes/status/1722762537869951164,
Thu Nov 09 23:46:05 +0000 2023,1722762515636211974,"üáµüá∏Al-Shifa Hospital in Gaza was attacked by Israel tonight  Israel continues to bomb all civilian infrastructure while claiming Hamas is hiding in/under it. Israel has reported that just over 60 Hamas operatives"" in the assaults since 7 October. https://t.co/Uxj16uIGon""",19,40,219,348,en,632475061,1722762515636211974,DD_Geopolitics,https://twitter.com/DD_Geopolitics/status/1722762515636211974,
Thu Nov 09 23:45:44 +0000 2023,1722762424930177209,Hamas supporters could burn a dozen Canadian synagogues to the ground and Trudeau's ministers would respond by lecturing us on Islamophobia.,20,81,376,1814,en,253147396,1722762424930177209,CoryBMorgan,https://twitter.com/CoryBMorgan/status/1722762424930177209,
Thu Nov 09 23:44:48 +0000 2023,1722762192682959354,"When Hamas invaded Israel on October 7, What was your initial reaction?   Pro Palestinian protesters: ‚ÄúI don‚Äôt believe they did, did they?‚Äù  ‚ÄúI‚Äôm not sure if I‚Äôve seen anything that shows that‚Äôs actually happened.‚Äù ü§¶‚Äç‚ôÇÔ∏èhttps://t.co/Ad8da12jwM",19,143,53,209,en,1221462414744596483,1722762192682959354,RpsAgainstTrump,https://twitter.com/RpsAgainstTrump/status/1722762192682959354,
Thu Nov 09 23:42:27 +0000 2023,1722761598195130381,And in case it's not clear - Hamas doesn't HAVE Apache helicopters.,1,15,90,216,en,16014522,1722761598195130381,lisapease,https://twitter.com/lisapease/status/1722761598195130381,
Thu Nov 09 23:42:26 +0000 2023,1722761595288256602,"The last photo of elderly Israelis, Holocaust survivors, few minutes before they were slaughtered by Hamas on October 7th in the city of Sderot, on their way to a holiday. All of them, 13 people, were murdered. https://t.co/d0RY2CK7YZ",6,36,137,322,en,727433056001380353,1722761595288256602,GonenYonatan,https://twitter.com/GonenYonatan/status/1722761595288256602,
Thu Nov 09 23:41:46 +0000 2023,1722761427340132764,Documenting the attack helped Israel not Hamas. This is a catastrophic blunder to kill the free lancers.,4,50,13,135,en,358545917,1722761427340132764,Cernovich,https://twitter.com/Cernovich/status/1722761427340132764,
Thu Nov 09 23:40:55 +0000 2023,1722761216010117131,The GM of Team Hamas... https://t.co/R7J3eiREZU,0,7,39,128,en,232519990,1722761216010117131,nspector4,https://twitter.com/nspector4/status/1722761216010117131,
Thu Nov 09 23:40:46 +0000 2023,1722761174968590625,ü§£ü§£ü§£ü§£ü§£ü§£ü§£ü§£ü§£ü§£ü§£ü§£ü§£ü§£ü§£ü§£ü§£ü§£ü§£ü§£ü§£ü§£ü§£ü§£ü§£ ü§° 500 k Israeli army is struggling to handle 5k Hamas . Zionists are new version of Nafo ü§°,2,14,24,216,en,1569701325805600769,1722761174968590625,DagnyTaggart963,https://twitter.com/DagnyTaggart963/status/1722761174968590625,
Thu Nov 09 23:39:34 +0000 2023,1722760876028240118,Criticizing government of a regime is not racism. Criticizing Hamas is not discriminating Palestinians. Criticizing Israel gov is not antisemitism. Criticizing CCP is not China-phobia.  One side‚Äòs brutality is NOT excuse for other's crimes. It goes both ways. https://t.co/IWE6wso9T7,4,14,75,195,en,267695291,1722760876028240118,badiucao,https://twitter.com/badiucao/status/1722760876028240118,
Thu Nov 09 23:38:49 +0000 2023,1722760685099335887,"Think about how much negative coverage Fox gave the Bowe Bergdahl prisoner exchange during the Obama years, and Biden's hostage release efforts, and then note that @BretBaier never mentions that Netanyahu authorized the release of Yahya Sinwar, the leader of Hamas in Gaza.",3,12,137,572,en,155784594,1722760685099335887,TVietor08,https://twitter.com/TVietor08/status/1722760685099335887,BretBaier
Thu Nov 09 23:38:14 +0000 2023,1722760541037379847,"Their weapons are exploding all around them!  1 -  Hamas terrorists are panicked, they may even be killed. 2 - The Hamas leaders are pleased, their death numbers just went up and will be blamed on the IDF.  Even when we win....we lose.",1,23,39,120,en,836938885112479745,1722760541037379847,PhillipInIsrael,https://twitter.com/PhillipInIsrael/status/1722760541037379847,
Thu Nov 09 23:38:01 +0000 2023,1722760485508895061,The New York Times had a photographer at the 10/7 massacre who was riding around on motorcycles with Hamas.  To suggest that they are too pro-Israel is insane.,8,78,233,813,en,737387991820296192,1722760485508895061,IsraelWarRoom,https://twitter.com/IsraelWarRoom/status/1722760485508895061,
Thu Nov 09 23:36:50 +0000 2023,1722760186375328077,"Abductions, looting, and arson by Hamas terrorists. https://t.co/MflNAi3DpC",41,68,525,1040,en,927513257946083329,1722760186375328077,ImtiazMadmood,https://twitter.com/ImtiazMadmood/status/1722760186375328077,
Thu Nov 09 23:35:36 +0000 2023,1722759874969571614,Look at the man boobs on this Hamas supporter.  My keen skills of observation tell me man boobs mean soy and this is a liberal.,14,101,148,257,en,1649631773717061632,1722759874969571614,RealCaptainMaga,https://twitter.com/RealCaptainMaga/status/1722759874969571614,
Thu Nov 09 23:35:31 +0000 2023,1722759853691863081,@MarioNawfal ƒ∞ found Hamas tunnels right next to my building and called the cops. https://t.co/JRO7GwCIad,0,10,9,198,en,825376429781110784,1722759280611283029,yusuf_gorgec,https://twitter.com/yusuf_gorgec/status/1722759853691863081,MarioNawfal
Thu Nov 09 23:33:36 +0000 2023,1722759373640945996,"3. The Gov administration is in Shifa, not Hamas military capabilities. But the governing authority that is run by Hamas.   You are talking about Iyad Bazzm (spox for interior), Ashraf Qidra (health spox in Gaza) etc.. Getting rid off them means cutting off their gov capabilities",6,5,119,405,en,820411862026190848,1722759349276168208,ytirawi,https://twitter.com/ytirawi/status/1722759373640945996,
Thu Nov 09 23:33:36 +0000 2023,1722759373301145732,"@KarenAttiah Well Hamas did not take a siesta"" from the beastly killings on the 7th of Oct...  About the people of Gaza - I deeply regret every civilian loss, but every civilian death now is clearly on Hamas.""",1,12,9,266,en,283502420,1722718339338776634,plamen_neykov,https://twitter.com/plamen_neykov/status/1722759373301145732,KarenAttiah
Thu Nov 09 23:32:38 +0000 2023,1722759130220494909,"IDF HAS LOCATED AND DESTROYED 130 HAMAS TUNNEL SHAFTS IN GAZA  Imagine the resources - material, labour - consumend in this terror infrastructure Imagine the civil projects which could have been done instead Imagine naive Western governments still giving foreign aid to‚Ä¶ https://t.co/IT6EvBrTsA",13,25,84,266,en,996597963819442176,1722759130220494909,AustralianJA,https://twitter.com/AustralianJA/status/1722759130220494909,
Thu Nov 09 23:31:34 +0000 2023,1722758859574411442,"Israel has again attacked the Al Shifa hospital tonight. That‚Äôs Al Shifa &amp  Indonesian Hospital attacked tonight, when children are being slaughtered.  You can believe the Hamas leadership is hiding in hospital theatres or believe this is ethnic cleansing &amp  genocide.  You decide.",20,90,478,905,en,1088371662108676096,1722758859574411442,BeckettUnite,https://twitter.com/BeckettUnite/status/1722758859574411442,
Thu Nov 09 23:30:56 +0000 2023,1722758703881830730,"So if I've got this right, Netanyahu gave hundreds of millions of dollars to Hamas, took 7 hours to send in the military on October 7th, and when they eventually arrived, their apache helicopters blew up their own people, but our government still supports him?",34,98,1437,3889,en,2522775577,1722758703881830730,skyecity_,https://twitter.com/skyecity_/status/1722758703881830730,
Thu Nov 09 23:29:59 +0000 2023,1722758464039243880,"A day after learning that the @nytimes bought photos from a Palestinian freelance photographer who joined the Hamas massacre, the pro-Hamas mob is occupying the paper‚Äôs lobby.   Terror supporters have no loyalty. https://t.co/QKgqCCPgwH",11,86,183,570,en,2161051908,1722758464039243880,AvivaKlompas,https://twitter.com/AvivaKlompas/status/1722758464039243880,nytimes
Thu Nov 09 23:29:38 +0000 2023,1722758373920137266,"@IDF The poem ends ends with this line: ‚ÄòWhat you bomb is not Hamas. It is Palestine. Not a dream, but a people. Not a refugee camp, but a country alive in its peoples‚Äô hearts‚Äô. https://t.co/GZNwN2SVxu",8,18,177,741,en,150151712,1722755622796501227,vijayprashad,https://twitter.com/vijayprashad/status/1722758373920137266,IDF
Thu Nov 09 23:29:14 +0000 2023,1722758272539656462,@alexshams_ @4noura There are more than 120 children in the occupation prisons. Why does Israel not think about releasing them?  Note that they are not from Gaza and have no connection to Hamas.,1,31,45,378,en,365785353,1722725364730839406,Yousuf_Alkamali,https://twitter.com/Yousuf_Alkamali/status/1722758272539656462,"alexshams_, 4noura"
Thu Nov 09 23:29:06 +0000 2023,1722758241422053862,"@StopAntisemites @Disney @Apple @netflix @warnerbros It was Hamas that killed babies. Jews and Christians have a healthy respect for life, especially infant life, unlike Islamic extremism.",0,59,18,277,en,1569380809143947265,1722757381115810254,Twitagra_DM,https://twitter.com/Twitagra_DM/status/1722758241422053862,"StopAntisemites, Disney, Apple, netflix, warnerbros"
Thu Nov 09 23:28:37 +0000 2023,1722758119208460662,"@IDF You can yell ‚ÄòHamas, Hamas‚Äô as much as you want, but that scare tactic will no longer work. After the 2014 bombing of Gaza, I wrote this poem, called ‚ÄòWhat You Bomb‚Äô (https://t.co/g7QS5Ns5o1). https://t.co/9ZeO37DfSV",6,5,107,520,en,150151712,1722755622796501227,vijayprashad,https://twitter.com/vijayprashad/status/1722758119208460662,IDF
Thu Nov 09 23:28:14 +0000 2023,1722758022315770015,Majority of Canadians agree with Canada's support for Israel in war against Hamas: poll https://t.co/eA7j3R0Q16 https://t.co/an5RRTFFjJ,20,140,83,476,en,14216661,1722758022315770015,nationalpost,https://twitter.com/nationalpost/status/1722758022315770015,
Thu Nov 09 23:28:03 +0000 2023,1722757976237494550,"Here is my reply  Dear Staffer replying on behalf of Senator Wong,  I note that in your 1805-word reply, you mentioned 1,400 Israelis were killed by Hamas on 7 October, the biggest loss of Jewish life on any day since the Holocaust.""""",4,8,115,581,en,981728328,1722757976237494550,derridalicious,https://twitter.com/derridalicious/status/1722757976237494550,
Thu Nov 09 23:27:18 +0000 2023,1722757788772737050,"They also shouted ‚Äúby any means necessary‚Äù ‚Äî again, Hamas showed us what ‚Äúany means‚Äù means.  And they threw is false accusations that Jews are ‚Äúsettler-colonialists‚Äù on the Jewish homeland where Jews have lived continuously for 3,500+ years.",3,22,79,466,en,123051410,1722757383699472837,JasonBedrick,https://twitter.com/JasonBedrick/status/1722757788772737050,
Thu Nov 09 23:26:45 +0000 2023,1722757648737530111,@PiersUncensored @piersmorgan @cenkuygur @RabbiShmuley @cenkuygur looks to me like someone who keeps some Jewish friends around so that he can get a card blanche when attacking Israel.  If he cared about Palestinians he would demand Hamas to surrender and give up the attacks against Israel so that the Palestinians can build a future.,0,23,1,125,en,15060356,1722715683895537890,torusJKL,https://twitter.com/torusJKL/status/1722757648737530111,"PiersUncensored, piersmorgan, cenkuygur, RabbiShmuley, cenkuygur"
Thu Nov 09 23:26:08 +0000 2023,1722757494806655446,"@IDF This is not an Israeli war on Hamas, but it is an Israeli war on the Palestinian resistance and on Palestinians in total. The dead are not Hamas, but they are killed in the name of an Israeli campaign to obliterate ‚ÄòHamas‚Äô, which is the obliteration of the Palestinian people. https://t.co/D2zjz32gE9",11,7,218,793,en,150151712,1722755622796501227,vijayprashad,https://twitter.com/vijayprashad/status/1722757494806655446,IDF
Thu Nov 09 23:26:03 +0000 2023,1722757472543269080,"Debate pedophile Hamas Piker made his so called friend Ethan Klein upset once again !  No empathy, no concessions, no understanding... https://t.co/CBXi2nAHli",15,139,69,1590,en,928231557147570183,1722757472543269080,DGGWRLD,https://twitter.com/DGGWRLD/status/1722757472543269080,
Thu Nov 09 23:25:49 +0000 2023,1722757413474828552,"People are wondering how we have enough homosexuals and are able to make LGBTQ rooftop throwdown parties every night.  According to the UN, Gaza has the highest Gay per Capita in the world as a result of Zionist chemical bombings.",1,6,11,160,en,1722089100352585728,1722757413474828552,HamasHQ,https://twitter.com/HamasHQ/status/1722757413474828552,
Thu Nov 09 23:25:42 +0000 2023,1722757383699472837,"Students at @Princeton today were shouting ‚Äúglobalize the intifada‚Äù and ‚Äúthere is only one [final?] solution: intifada revolution!‚Äù  Hamas showed us what ‚Äúintifada‚Äù means: mass murder, beheading children, gang rape, taking hostage babies, women, and the elderly. #TheWestIsNext https://t.co/Tou3ExXlOq",224,250,620,1531,en,123051410,1722757383699472837,JasonBedrick,https://twitter.com/JasonBedrick/status/1722757383699472837,Princeton
Thu Nov 09 23:25:19 +0000 2023,1722757289285747181,"The @IDF and the Israeli settlers have been killing and evicting Palestinians in the West Bank, where Hamas has minimal organization: but that violence in the West Bank, the permanent Naqba, is conducted now in the name of fighting ‚ÄòHamas‚Äô. https://t.co/hMewYdPk6M",3,5,125,616,en,150151712,1722755622796501227,vijayprashad,https://twitter.com/vijayprashad/status/1722757289285747181,IDF
Thu Nov 09 23:25:11 +0000 2023,1722757254137418151,@GeoRebekah She responded ‚Äúall of them‚Äù when asked how many Palestinians had to die. She didn‚Äôt mishear ‚ÄúHamas‚Äù and she said what she said.  She‚Äôs just sorry she was caught on camera.,0,1,5,193,en,860541598203076609,1722753572142453232,atotheco,https://twitter.com/atotheco/status/1722757254137418151,GeoRebekah
Thu Nov 09 23:24:59 +0000 2023,1722757205424853173,"Israel &amp  the US want us to talk about terrorists, Hamas, hostages, but we want to talk about the lives of ordinary Palestinians, being sacrificed because of the usual military interventionism &amp  geopolitics. We see through it now, we see Palestinians just like us #CeasefireNOWüáµüá∏",0,11,93,146,en,1190933596921638912,1722757205424853173,earthygirl011,https://twitter.com/earthygirl011/status/1722757205424853173,
Thu Nov 09 23:24:31 +0000 2023,1722757085140574687,"It's been convenient for those who are against Palestinian emancipation to reduce the entire tradition of struggle to Hamas, to demonise Hamas, &amp  then to effectively demonise the Palestinian resistance movement. https://t.co/Dh91iudzFg",8,4,122,668,en,150151712,1722755622796501227,vijayprashad,https://twitter.com/vijayprashad/status/1722757085140574687,
Thu Nov 09 23:23:46 +0000 2023,1722756899890770344,There's simply no condemnation of Hamas that is not at the same time a condemnation of the Palestinian resistance. https://t.co/FzZmsqUlQO,121,176,200,916,en,150151712,1722755622796501227,vijayprashad,https://twitter.com/vijayprashad/status/1722756899890770344,
Thu Nov 09 23:22:56 +0000 2023,1722756688057385429,I thought this said ‚ÄòThe Hamas and the Papas‚Äô   The Jews are tiiiired. https://t.co/s2ElTUGGVc,0,2,5,164,en,1315495158,1722756688057385429,C_hoffmanni,https://twitter.com/C_hoffmanni/status/1722756688057385429,
Thu Nov 09 23:22:15 +0000 2023,1722756517428928646,"Form of struggle is not the issue for their critics: the real issue is that they struggle. Condemnation of Hamas is not what is demanded. What is demanded is a condemnation of the Palestinian struggle, which is not by itself coterminous with Hamas but in which Hamas is a part. https://t.co/5cvbkdJNiO",7,5,181,754,en,150151712,1722755622796501227,vijayprashad,https://twitter.com/vijayprashad/status/1722756517428928646,
Thu Nov 09 23:22:01 +0000 2023,1722756456548548993,"Why don't you trust the recordings released by Israel of Hamas conversations?""  While there is multiple reasons, one of them is that Israel has been found to doctor recordings in the past as an excuse for killing 9 activists on a humanitarian aid flotilla https://t.co/2ybkDirFFa""",4,10,92,296,en,1516633566930771979,1722756456548548993,ChudsOfTikTok,https://twitter.com/ChudsOfTikTok/status/1722756456548548993,
Thu Nov 09 23:21:22 +0000 2023,1722756295558910092,"In an attempt to accuse the Palestinians (not Hamas btw) of spreading disinfo, the Israeli prime minister's spokesperson spreads disinfo of his own.  He also inadvertently admits if this was an image of a real suffering child, it'd be impact worthy. There's no shortage of these.",1,14,34,175,en,110183325,1722756295558910092,DanielDumbrill,https://twitter.com/DanielDumbrill/status/1722756295558910092,
Thu Nov 09 23:20:58 +0000 2023,1722756193419141214,"The only billionaires the extreme left loves. Hamas leaders worth staggering $11B revel in luxury ‚Äî while Gaza‚Äôs people suffer"" https://t.co/8OlKGAd1n1""",6,8,34,136,en,1237411,1722756193419141214,davidmarcus,https://twitter.com/davidmarcus/status/1722756193419141214,
Thu Nov 09 23:20:56 +0000 2023,1722756183985955287,"Again, if you want to give @RashidaTlaib the benefit of the doubt that she means nothing violent by ‚ÄúRiver to the sea,‚Äù fine. But she knows Hamas et al have a singularly genocidal interpretation of it. And she has no problem sharing a slogan with Hamas.  https://t.co/7fUDghcYo4",9,43,65,511,en,71627462,1722756183985955287,JonahDispatch,https://twitter.com/JonahDispatch/status/1722756183985955287,RashidaTlaib
Thu Nov 09 23:20:47 +0000 2023,1722756145830592615,"Zohran, we unequivocally condemned this sick person‚Äôs voicemail.   This, despite the fact that you refuse to condemn Hamas slaughtering innocent women and children.   Because we have standards.",3,2,19,122,en,104589290,1722756145830592615,NYCGreenfield,https://twitter.com/NYCGreenfield/status/1722756145830592615,
Thu Nov 09 23:20:19 +0000 2023,1722756031644581984,"Since the conflict began @piersmorgan has been splitting airtime between pro-Israel and pro-Palestinian voices, and defending himself as balanced. He is rightly outraged by the Hamas massacre of Oct 7, but continues to express his ‚Äúmoral quandary‚Äù over the ‚Äúkilling of thousands‚Ä¶",5,17,52,164,en,54496096,1722756031644581984,traiman,https://twitter.com/traiman/status/1722756031644581984,piersmorgan
Thu Nov 09 23:20:11 +0000 2023,1722755997226111022,"WORDS MATTER:  What did the HAMAS terrorists call the ‚ÄúHumanitarian Pause‚Äù after the abduction of 241 people &amp  the summary execution of 1,400 Israeli, Arab and Christian men, women and children one by one by one?  ‚ÄúMission Accomplished.‚Äù",9,110,311,1322,en,2573480784,1722755997226111022,MalcolmNance,https://twitter.com/MalcolmNance/status/1722755997226111022,
Thu Nov 09 23:19:48 +0000 2023,1722755899331056041,"Hamas was formed in 1987. The Naqba (Catastrophe) of the Palestinians took place in 1948. For 39 years, the Palestinians struggled for an end to the Permanent Naqba, for their land &amp  for justice. Hamas (Islamic Resistance Movement) is only one flank of the Palestinian resistance. https://t.co/vWwGHyD3Wy",3,6,132,673,en,150151712,1722755622796501227,vijayprashad,https://twitter.com/vijayprashad/status/1722755899331056041,
Thu Nov 09 23:18:42 +0000 2023,1722755622796501227,[Thread on the question of Hamas] Two things that require some consideration. 1. The demand by the warmongers that people who call for the ceasefire must condemn Hamas. 2. The strange framework adopted by the media that this is an Israel-Hamas war. https://t.co/ASGNvtuzq3,91,43,1076,3057,en,150151712,1722755622796501227,vijayprashad,https://twitter.com/vijayprashad/status/1722755622796501227,
Thu Nov 09 23:18:40 +0000 2023,1722755613803872257,"But the sinister thing Duss does here, in a line also echoed by Sanders, is say a ceasefire with Hamas is impossible. Again, both sides have broken previous ceasefires repeatedly but many have held for many months and sometimes years. This isnt just useless, it‚Äôs actively harmful",1,4,27,192,en,756331316,1722749434457440262,adamjohnsonCHI,https://twitter.com/adamjohnsonCHI/status/1722755613803872257,
Thu Nov 09 23:16:07 +0000 2023,1722754974633832650,"Former MEP Ben Habib says a ceasefire between Israel and Hamas would come with problems.  You're saying to Hamas, we're going to reward you with peace for the indiscretion and terrorism.""  @Iromg | @benhabib6 https://t.co/77YVKXezwt""",3,31,32,187,en,3380282686,1722754974633832650,TalkTV,https://twitter.com/TalkTV/status/1722754974633832650,"Iromg, benhabib6"
Thu Nov 09 23:15:28 +0000 2023,1722754809751642249,@AvivaKlompas All 240. Not one less. Hamas is losing and desperate. Let all of the hostages go.,0,3,21,353,en,22194859,1722749606025380288,AlessaCaye,https://twitter.com/AlessaCaye/status/1722754809751642249,AvivaKlompas
Thu Nov 09 23:11:41 +0000 2023,1722753857015443647,@rozina_ali Not surprising to me. @POTUS believes that Israel has a right to exist and defend itself from Hamas terrorism. What could they possible talk about now?,1,21,6,325,en,133743836,1722689151902888322,LawrenceMuscant,https://twitter.com/LawrenceMuscant/status/1722753857015443647,"rozina_ali, POTUS"
Thu Nov 09 23:09:33 +0000 2023,1722753319406272717,"Aljazeera broadcasted a live feed from inside the Indonisian hospital showing Hamas terrorists , then deleted the clip.  The video showed Armed Hamas terrorists with their weapons inside  the Indonisian hospital in Gaza!   https://t.co/biFMto65db",19,27,189,333,en,1643719098839302145,1722753319406272717,AzzatAlsaalem,https://twitter.com/AzzatAlsaalem/status/1722753319406272717,
Thu Nov 09 23:08:57 +0000 2023,1722753171016032651,"üö®üáÆüá± One of Israel‚Äôs best snipers Shmaya Ritterman, was just killed by a Hamas sniper.  üö®üáÆüá± Ritterman had a 100% success rate.  Per @AssociatedFress üóûÔ∏è https://t.co/UTWwK3FYaP",1,15,5,152,en,1330389071580061698,1722753171016032651,Briskerov,https://twitter.com/Briskerov/status/1722753171016032651,AssociatedFress
Thu Nov 09 23:08:15 +0000 2023,1722752993282433470,"@Anonymous_Link You are unfortunately confusing cause and effect, did you also stand up when on October 7, 2023 Hamas and its helpers invaded Israel like a horde of beasts and indiscriminately slaughtered women, children, the elderly, the infirm and the disabled?   Didn't you also wonder why‚Ä¶ https://t.co/eXHciLYOZw",4,4,9,108,en,1565057736311771142,1722686752568025326,SimplyonWorld,https://twitter.com/SimplyonWorld/status/1722752993282433470,Anonymous_Link
Thu Nov 09 23:07:38 +0000 2023,1722752837493436791,"@marklevinshow What do you think of the IDF gunning down their own citizens running from the festival, then blaming Hamas?  No one believes any of you Zionist demons anymore. https://t.co/Mnuf1BtvOo",2,16,39,352,en,2432310906,1722749036808040937,Lucas_Gage_,https://twitter.com/Lucas_Gage_/status/1722752837493436791,marklevinshow
Thu Nov 09 23:07:19 +0000 2023,1722752760527949839,@xavierjp__ @EndWokeness If hamas cared about the children they wouldn‚Äôt use them as shields. That‚Äôs totally on hamas,0,6,4,201,en,1184647390927699969,1722740561243775350,BJujitsu,https://twitter.com/BJujitsu/status/1722752760527949839,"xavierjp__, EndWokeness"
Thu Nov 09 23:06:32 +0000 2023,1722752560753238087,I guess not enough NYT ‚Äòjournalists‚Äô were riding with Hamas to rape women on Oct. 7th.,1,29,73,391,en,921993698,1722752560753238087,Justine_Brooke,https://twitter.com/Justine_Brooke/status/1722752560753238087,
Thu Nov 09 23:05:57 +0000 2023,1722752413827019085,"Hamas violated the ceasefire and attacked Israel on 10/7  Hamas cut of heads &amp  breasts of Israelis  Hamas deprived Israelis of air as they burned them alive  Hamas killed so many Israelis, they're still finding &amp  identifying bodies - you can be sure Hamas' numbers are exaggerated",0,11,28,161,en,275322482,1722752413827019085,awstar11,https://twitter.com/awstar11/status/1722752413827019085,
Thu Nov 09 23:05:51 +0000 2023,1722752389663334892,"Over 30 kids are being held hostage in Gaza by Hamas.   At night I lie awake thinking about them. Are they being fed? Who‚Äôs holding them while they cry? How scared are they?  It isn‚Äôt political to call for their release, it‚Äôs just and right.   #BringThemBackNow https://t.co/acA4fk4iCG",1,20,41,130,en,156475698,1722752389663334892,ariellakimmel,https://twitter.com/ariellakimmel/status/1722752389663334892,
Thu Nov 09 23:05:45 +0000 2023,1722752362991731167,Imagine having such a poisonous overload of empathy that you felt some for Hamas.,3,52,50,522,en,1011008340367953920,1722752362991731167,wil_da_beast630,https://twitter.com/wil_da_beast630/status/1722752362991731167,
Thu Nov 09 23:05:44 +0000 2023,1722752360512897175,"@Dan35167515 Ohhhh word, you are dumber than dogshit. You should take it up with Bibi and Likud, who spent decades investing hundreds of millions in promoting Hamas over secular and less extremist factions so they had an excuse to slaughter more innocent Palestinians. You support genocide.",0,9,0,413,en,2455280772,1722706331944014334,B1G_Ryan,https://twitter.com/B1G_Ryan/status/1722752360512897175,Dan35167515
Thu Nov 09 23:05:20 +0000 2023,1722752257618321853,"Man. Hamas REALLY should surrender, and end the war they started.",1,17,53,702,en,1011008340367953920,1722752257618321853,wil_da_beast630,https://twitter.com/wil_da_beast630/status/1722752257618321853,
Thu Nov 09 23:05:01 +0000 2023,1722752178782093703,"Tonight, the Senate unanimously passed my bipartisan resolution with @SenToddYoung strongly condemning Hamas and demanding they immediately release ALL hostages.  I won't stop working with Republicans and Democrats to see that all of the hostages are released and can come home.",7,56,35,131,en,818554054309715969,1722752178782093703,SenJackyRosen,https://twitter.com/SenJackyRosen/status/1722752178782093703,SenToddYoung
Thu Nov 09 23:04:57 +0000 2023,1722752161975537841,"I think it's appropriate for Israel to find the Hamas members and either kill them or incarcerate them, that's something that has to be done because they are going to keep coming otherwise.""  - @elonmusk   https://t.co/chnvyuzTwz""",3,9,66,222,en,93637779,1722752161975537841,AdamMilstein,https://twitter.com/AdamMilstein/status/1722752161975537841,elonmusk
Thu Nov 09 23:04:47 +0000 2023,1722752121697607918,You can criticize Israel and not be anti-Semitic.   You can criticize Hamas and not be Islamophobic.  All Jews do not reflect the Israeli government.   All Palestinians do not reflect the Hamas government.   Love will overrule hate. https://t.co/360D3OjI3I,0,19,39,162,en,1334688905929613312,1722752121697607918,AvengerResister,https://twitter.com/AvengerResister/status/1722752121697607918,
Thu Nov 09 23:04:12 +0000 2023,1722751972229668906,@SpiritofHo Hamas is cool though? How about ISIS? You in with them too?,1,40,0,112,en,1445108871362760704,1722643440406597788,Stewtelligence,https://twitter.com/Stewtelligence/status/1722751972229668906,SpiritofHo
Thu Nov 09 23:03:36 +0000 2023,1722751821272190981,"The threat of Jew hatred that we are seeing today in America is a national security threat...including in the halls of Congress with pro-Hamas legislators. If Rashida Tlaib thinks that removing Palestinians from the USA who are pro Hamas is racist, what then is her call to remove‚Ä¶ https://t.co/dEfzIobiRs",8,84,101,319,en,394420238,1722751821272190981,GoldsteinBrooke,https://twitter.com/GoldsteinBrooke/status/1722751821272190981,
Thu Nov 09 23:03:10 +0000 2023,1722751713386385447,@theJagmeetSingh I stand with Hamas and my pension.,0,9,14,307,en,1545198699512336384,1722750515669606434,singh_hypocrisy,https://twitter.com/singh_hypocrisy/status/1722751713386385447,theJagmeetSingh
Thu Nov 09 23:00:38 +0000 2023,1722751078347735428,"Further developments regarding Hassan Eslaiah, a journalist who acted as photographer for AP, Reuters and CNN.  It turns out that Eslaiah was no stranger to documenting Hamas terrorism.  In this video, posted before the October 7th massacre, he was invited by terrorists who‚Ä¶ https://t.co/pkziAESIvb",13,12,249,416,en,580033481,1722751078347735428,emanumiller,https://twitter.com/emanumiller/status/1722751078347735428,
Thu Nov 09 23:00:01 +0000 2023,1722750919539114076,"Drone footage showing the hundreds of scorched cars left in the aftermath of the Nova music festival massacre.   Each of these cars represent a human being that never came back, that was savagely murdered by Hamas on October 7th.  #HamasisISIS   Credit: @Telegraph https://t.co/cSvNU30Oqa",18,84,118,191,en,58562226,1722750919539114076,IsraelinUSA,https://twitter.com/IsraelinUSA/status/1722750919539114076,Telegraph
Thu Nov 09 22:59:31 +0000 2023,1722750796716990512,"#Qatar pundit Abdullah Al-Emadi writes #Hamas Is the Honor of the Nation,"" and attacks ""Zionist Arabs."" That Hamas committed two war crimes since October 7 by massacring 1,400 Israeli noncombatants and kidnaping 244 others does not seem to bother Emadi.  https://t.co/O7xcOaPS8y""",1,9,30,126,en,39344961,1722750796716990512,hahussain,https://twitter.com/hahussain/status/1722750796716990512,
Thu Nov 09 22:59:26 +0000 2023,1722750773183057996,"It's a perplexing phenomenon when individuals living in the relative freedom and safety of the West, who rightfully criticize Western media and government institutions, suddenly start echoing Hamas propaganda word for word without any discernment.   Strangely, these same people‚Ä¶",8,167,73,604,en,1184083789619683328,1722750773183057996,therealrukshan,https://twitter.com/therealrukshan/status/1722750773183057996,
Thu Nov 09 22:58:58 +0000 2023,1722750658019795251,"Protestor: We need a ceasefire to stop genocide!  Conservatives: Ignore that, they support Hamas  Media: Oh ok  Israeli government: We want to eliminate every Palestinian, who we constantly call ‚Äúcockroaches‚Äù!  Cons: Ignore that. They‚Äôre just worried about hostages.  Media: Oh ok",2,2,79,338,en,1382013875168669705,1722750658019795251,taliaotg,https://twitter.com/taliaotg/status/1722750658019795251,
Thu Nov 09 22:58:49 +0000 2023,1722750620967293379,"This is how you end up with the idea that ‚Äúmoral clarity‚Äù requires you to avoid ‚Äúdistricting tangents about Hamas,‚Äù a real military organization that governed the pre-war Gaza Strip for ~15 years.   They want to have a different conversation. https://t.co/4PS8LfQ61I",0,8,8,286,en,15446531,1722748400272064985,mattyglesias,https://twitter.com/mattyglesias/status/1722750620967293379,
Thu Nov 09 22:57:36 +0000 2023,1722750313076338699,I‚Äôll never stop saying it.  Hamas is a TERRORIST STATE! Palestine is a FAKING FACTORY!,6,26,174,542,en,1542089539367636995,1722750313076338699,JSinha007,https://twitter.com/JSinha007/status/1722750313076338699,
Thu Nov 09 22:57:29 +0000 2023,1722750284114350449,"As I keep saying, I take people at their word when they say that subjectively they intend to offer ‚Äúan aspirational call for freedom, human rights, and peaceful coexistence‚Äù rather than a call for a Hamas military victory.   But ‚Äúaspiration‚Äù doesn‚Äôt get you very far.",2,7,8,331,en,15446531,1722748400272064985,mattyglesias,https://twitter.com/mattyglesias/status/1722750284114350449,
Thu Nov 09 22:57:22 +0000 2023,1722750252938051793,You know who is stoking a culture war? People pretending these marches are not hateful.  Telling people those involved are not supporting Hamas is simply a lie.  Telling the public that what they can see with their own eyes isn't true never works.  Deal with the reality.,7,61,106,432,en,1346629159,1722750252938051793,emmacpicken,https://twitter.com/emmacpicken/status/1722750252938051793,
Thu Nov 09 22:57:12 +0000 2023,1722750214547857445,"@MarshaBlackburn unless Congress funds Hamas"" This is a God Damn lie Marsha Blackburn and you should be ashamed of yourself.""",2,21,81,624,en,1511803788864106496,1722738398425759887,GayresisterGary,https://twitter.com/GayresisterGary/status/1722750214547857445,MarshaBlackburn
Thu Nov 09 22:56:39 +0000 2023,1722750073388363843,@Lucas_Gage_ @benshapiro Hamas used helicopters as human shields,0,9,15,479,en,226979526,1722703548637454844,Kurbaytaev,https://twitter.com/Kurbaytaev/status/1722750073388363843,"Lucas_Gage_, benshapiro"
Thu Nov 09 22:56:13 +0000 2023,1722749964277764249,"This needs more coverage:  Benjamin Netanyahu rejected a deal with Palestinian militant groups in Gaza for a five-day ceasefire in exchange for the release of scores of hostages held by Hamas (children, women, elderly, sick and foreign nationals). https://t.co/Fqoeffxck9",7,6,123,113,en,93618872,1722749964277764249,Ian_Fraser,https://twitter.com/Ian_Fraser/status/1722749964277764249,
Thu Nov 09 22:55:39 +0000 2023,1722749820605993275,@DrEliDavid Looks like Gazans are now free to say Hamas has destroyed Gaza! Before they were not free to say anything. They will be living a good life now thanks to Israel! Just you watch!,1,11,19,161,en,3377454729,1722695368796778547,masnjny,https://twitter.com/masnjny/status/1722749820605993275,DrEliDavid
Thu Nov 09 22:55:01 +0000 2023,1722749664993103961,The pro Hamas terror supporters almost always cover their faces while peaceful supporters of Israel proudly show theirs. Says a great deal about the difference between the two sides.,0,7,50,206,en,849880970,1722749664993103961,NileGardiner,https://twitter.com/NileGardiner/status/1722749664993103961,
Thu Nov 09 22:54:47 +0000 2023,1722749606025380288,"Israeli news reports that hostage negotiations are taking place in Qatar with Mossad Chief David Barnea and CIA chief William Burns.   They are discussing a possible release of some 80 hostages. Hamas demands included a days-long pause in the war, the release of Palestinians‚Ä¶",21,156,172,639,en,2161051908,1722749606025380288,AvivaKlompas,https://twitter.com/AvivaKlompas/status/1722749606025380288,
Thu Nov 09 22:54:21 +0000 2023,1722749495144816838,"Take a good look! This is the third Nakba, the 3rd mass expulsion of people unfolding in front of you live in full colors. The first two (1948 &amp  1967) were recorded in black &amp  white! This is pure land grab by genocide, not about Hamas.  #GazaHolocaust https://t.co/JOnENf6HAY",2,14,84,130,en,1289954977,1722749495144816838,ShehabiFares,https://twitter.com/ShehabiFares/status/1722749495144816838,
Thu Nov 09 22:54:00 +0000 2023,1722749407810969767,"@LXSummer1 that secondaries going off, the slow rolling fireball is not a IDF munition... thats hamas ammo going up.",0,1,6,154,en,1520175957709045762,1722703337789805023,secretsqrl123,https://twitter.com/secretsqrl123/status/1722749407810969767,LXSummer1
Thu Nov 09 22:53:51 +0000 2023,1722749369533767862,"üö®üáÆüá± Video shows the beautiful moment Israel wipes out Hamas's secret base in Khalid bin al-Walid mosque in Khan Younis, Gaza. https://t.co/NHLtP8rI2a",14,64,76,416,en,754718787237281792,1722749369533767862,Terror_Alarm,https://twitter.com/Terror_Alarm/status/1722749369533767862,
Thu Nov 09 22:53:16 +0000 2023,1722749224805191739,"A lot of people who are not involved in anti-Zionist marches look at the people who are marching &amp  posting and say ‚Äúthey are marching &amp  posting in solidarity with Hamas, the major anti-Zionist Palestinian faction.‚Äù   But then they say ‚Äúno no no no no it‚Äôs this other thing.‚Äù",3,5,7,341,en,15446531,1722748400272064985,mattyglesias,https://twitter.com/mattyglesias/status/1722749224805191739,
Thu Nov 09 22:53:07 +0000 2023,1722749183646416935,"Washington Post posted a cartoon accurately depicting Hamas using  civilians as ‚Äúhuman shields.  But then deleted it and apologized after staffers and a Princeton grad called the photo ""racist.""  The Post is sorry for portraying terrorists accurately:  https://t.co/EGXRTSvM0X""",2,12,24,110,en,334920737,1722749183646416935,Outkick,https://twitter.com/Outkick/status/1722749183646416935,
Thu Nov 09 22:52:28 +0000 2023,1722749023373631854,Washington Post bows to the pro-Hamas mob. A sad day for US journalism.   Peak  woke at Washington Post as it¬† APOLOGIZES and removes 'racist' cartoon  depicting 'grossly mischaracterized' and 'discriminatory' Hamas  terrorist           https://t.co/UVtebHKozS via @MailOnline,4,10,53,120,en,849880970,1722749023373631854,NileGardiner,https://twitter.com/NileGardiner/status/1722749023373631854,MailOnline
Thu Nov 09 22:52:00 +0000 2023,1722748903219438055,"More violence in St. Louis. Pro Hamas protesters push Jewish man to the ground and steal his Israel flag. One arrest has been made, the Jewish counter protesters are shaken but so far report they are uninjured. This is Manchester, MO @StopAntisemites @visegrad24 https://t.co/7vf7LcIqPq",22,48,70,124,en,746505550133760001,1722748903219438055,moll_aj,https://twitter.com/moll_aj/status/1722748903219438055,"StopAntisemites, visegrad24"
Thu Nov 09 22:51:34 +0000 2023,1722748794557603987,"This clip aired by @AJEnglish may appear to show Hamas fighters among the crowd in the Indonesian hospital, but that is really just a dialysis stand shaped like a kalishnikov. https://t.co/V6KjSDxtch",40,98,399,1980,en,1574434424971837444,1722748794557603987,GazaHealth,https://twitter.com/GazaHealth/status/1722748794557603987,AJEnglish
Thu Nov 09 22:51:26 +0000 2023,1722748761850470700,"Saudi accounts on Twitter: Al Jazeera's live broadcast (accidentally) exposed Hamas military operatives inside the Indonesian hospital in northern Gaza According to these sources, (1/2) https://t.co/RlcKCPPQOn",5,5,80,224,en,1437862904116744196,1722748761850470700,AbuAliEnglishB1,https://twitter.com/AbuAliEnglishB1/status/1722748761850470700,
Thu Nov 09 22:50:50 +0000 2023,1722748611891438042,"Genuinely don't get this. Why are 'communists' supporting Hamas.  To begin with Hamas are fascists.   Secondly their operating model is based on exploitation of deprived, working class Gazans by billionaire leaders.  Where does Marxism come into any of that?",10,197,102,424,en,1135712292677541893,1722748611891438042,Zokko18,https://twitter.com/Zokko18/status/1722748611891438042,
Thu Nov 09 22:48:33 +0000 2023,1722748036290630021,@alexshams_ They wanted all Hamas let out of prison. Not happening,0,15,6,179,en,1437471011000127488,1722725364730839406,chibiapegang,https://twitter.com/chibiapegang/status/1722748036290630021,alexshams_
Thu Nov 09 22:48:26 +0000 2023,1722748008251412543,"@guypbenson But...NYT went with the Hamas version of the now-debunked Israel bombed a  hospital"" story.  I don't understand.  Do the pro-Palestinian protestors just hate everyone for everything?""",1,30,9,182,en,1404105166501068807,1722747333366927717,laurieinri,https://twitter.com/laurieinri/status/1722748008251412543,guypbenson
Thu Nov 09 22:48:09 +0000 2023,1722747935132168547,most of the killed children weren't even born when when Hamas was elected - idiots like you are the real problem,2,28,87,601,en,3373146857,1722747935132168547,GeromanAT,https://twitter.com/GeromanAT/status/1722747935132168547,
Thu Nov 09 22:48:07 +0000 2023,1722747926663872537,"The mainstream media has been working together with Hamas for many, many years sowing the narratives that Hamas wants it sow.""   Jerusalem News Syndicate Bureau Chief Alex Traiman speaks about the journalists embedding themselves with Hamas. @traiman @KatrinaSzish @BobBrooks_NMX https://t.co/nnqhrTsX6v""",3,26,55,154,en,20545835,1722747926663872537,NEWSMAX,https://twitter.com/NEWSMAX/status/1722747926663872537,"traiman, KatrinaSzish, BobBrooks_NMX"
Thu Nov 09 22:47:50 +0000 2023,1722747856153440556,@benshapiro most of the killed children weren't even born when when Hamas was elected - idiots like you are the real problem,1,34,105,2227,en,3373146857,1722743548741656769,GeromanAT,https://twitter.com/GeromanAT/status/1722747856153440556,benshapiro
Thu Nov 09 22:46:50 +0000 2023,1722747602192761311,@MarioNawfal Because nothing prolongs suffering like delaying the defeat of Hamas.,1,2,1,158,en,1586388120722817024,1722741221464932633,Chris_Opines,https://twitter.com/Chris_Opines/status/1722747602192761311,MarioNawfal
Thu Nov 09 22:46:46 +0000 2023,1722747588774965454,I am still waiting for the  free Palestine crowd to tell me why Palestinian adults aren't helping destroy hamas,4,40,24,196,en,945693405694357504,1722747588774965454,Jessicam6946,https://twitter.com/Jessicam6946/status/1722747588774965454,
Thu Nov 09 22:45:49 +0000 2023,1722747349129162888,Hamas terrorists keep on getting help from Biden admin...,6,29,89,316,en,18266688,1722747349129162888,TomFitton,https://twitter.com/TomFitton/status/1722747349129162888,
Thu Nov 09 22:45:46 +0000 2023,1722747336173162729,@jakeshieldsajj @KonstantinKisin ‚Äúnot defending Hamas BUT‚Ä¶‚Äù ü§£ https://t.co/6o177rXSpA,0,3,7,322,en,43534928,1722649555668287553,adrianstone,https://twitter.com/adrianstone/status/1722747336173162729,"jakeshieldsajj, KonstantinKisin"
Thu Nov 09 22:45:40 +0000 2023,1722747310210200018,Al Jazeera's live broadcast accidentally exposed (and then quietly deleted) Hamas military operatives inside Indonesian hospital in northern Gaza. https://t.co/3ZtxWDtykG,289,661,5440,15287,en,774174489458331649,1722747310210200018,TheMossadIL,https://twitter.com/TheMossadIL/status/1722747310210200018,
Thu Nov 09 22:45:27 +0000 2023,1722747257001218345,"This is 77 yr-old Hanna Katzir. She‚Äôs been a hostage of Hamas over a month. On Oct 7, her husband was slaughtered in front of her, &amp  she was taken.  Pic on right was her today, in a terrorist propaganda clip. üíî https://t.co/bVmEwSw4cB",4,26,199,393,en,1329171068196622337,1722747257001218345,leslibless,https://twitter.com/leslibless/status/1722747257001218345,
Thu Nov 09 22:44:55 +0000 2023,1722747122913538430,"Yes, I condemn Hamas. I've repeatedly outlined why Hamas' attacks on civilians were war crimes.  Israeli apartheid is the root cause of this violence. Israel made life unbearable, made peaceful protest impossible, and actively promoted Hamas. https://t.co/bxbw0gWkwf",7,49,26,422,en,995006376962396160,1722612755642163482,SocDoneLeft,https://twitter.com/SocDoneLeft/status/1722747122913538430,
Thu Nov 09 22:43:54 +0000 2023,1722746864926122459,Radical leftists have occupied the @nytimes office in Manhattan to protest their coverage of the Israel-Hamas war. They say the NYT is too biased in favor of Israel. The activists want Israel to be abolished &amp  do not accept criticism of Palestinian terror.https://t.co/VoBTREPcxB,125,957,1148,3197,en,2835451658,1722746864926122459,MrAndyNgo,https://twitter.com/MrAndyNgo/status/1722746864926122459,nytimes
Thu Nov 09 22:43:21 +0000 2023,1722746728988676412,Israeli youth dancing at the party before the Hamas attack. Islam does not like entertainment and happiness. https://t.co/1BJinvC3jT,13,54,390,1365,en,927513257946083329,1722746728988676412,ImtiazMadmood,https://twitter.com/ImtiazMadmood/status/1722746728988676412,
Thu Nov 09 22:43:13 +0000 2023,1722746692921868489,Rep. Rashida Tlaib has come under fire after a discovery fundraisers of hers had ties to Hamas.   Canary Mission has now linked Tlaib to three more fundraisers with Hamas ties. https://t.co/OHxGav8WRE https://t.co/7ctiJ53Pij,16,22,127,215,en,538525553,1722746692921868489,JNS_org,https://twitter.com/JNS_org/status/1722746692921868489,
Thu Nov 09 22:41:43 +0000 2023,1722746315660984676,Literally the most pro-Gaza paper out there with ex-Al-Jazeera reporters üòÇ  This is the pro-Hamas crowd saying that Hamas should solely control the news.,6,43,232,913,en,986232040021549056,1722746315660984676,MarinaMedvin,https://twitter.com/MarinaMedvin/status/1722746315660984676,
Thu Nov 09 22:41:28 +0000 2023,1722746252935430228,"A ‚Äúblood libel‚Äù of how Hamas raped women, using eyewitness testimony.   These are the people we‚Äôre dealing with. Using terms about Jewish victimization to justify their refusal to believe Jews were raped by terrorists.   Feel free to unfollow me if you‚Äôre one of those people.",1,14,47,303,en,180681251,1722746252935430228,EladNehorai,https://twitter.com/EladNehorai/status/1722746252935430228,
Thu Nov 09 22:40:57 +0000 2023,1722746124656676977,"Gaza, the West Bank, Hamas, Hezbollah, Palestine, Israel ... none of that will ever be solved through negotiations.",3,140,35,379,en,1366565625401909249,1722746124656676977,WallStreetSilv,https://twitter.com/WallStreetSilv/status/1722746124656676977,
Thu Nov 09 22:40:41 +0000 2023,1722746055551271045,"@benshapiro The 5 thousand children killed so far, none of which voted for Hamas in 2005, sure weren‚Äôt able to ‚Äúdetermine their own future‚Äù.   Neither were the Israeli festival attendees taken out by IDF Helicopters on October 7th.",0,23,30,528,en,249420175,1722743548741656769,imjdsharp,https://twitter.com/imjdsharp/status/1722746055551271045,benshapiro
Thu Nov 09 22:40:39 +0000 2023,1722746046378340769,"@PiersUncensored @piersmorgan @cenkuygur @RabbiShmuley I'm Palestinian.  I agree with the Rabbi.  We rejected all the offers, and now we got stuck with Hamas.  Instead, we should negotiate, compromise, accept a deal, and build a real Palestinian state.",0,9,31,369,en,1240719090299346944,1722715683895537890,aziz0nomics,https://twitter.com/aziz0nomics/status/1722746046378340769,"PiersUncensored, piersmorgan, cenkuygur, RabbiShmuley"
Thu Nov 09 22:40:22 +0000 2023,1722745975280672956,"On Oct. 7th, former Israeli soldier @BenzionSanders lost a fellow veteran in Hamas‚Äô brutal attack.   But as a veteran of Israel's 2014 attacks on Hamas, he tells @mehdirhasan that military force alone from Israel will not work when it comes to defeating Hamas. https://t.co/kDpUnXJUdT",5,15,67,183,en,1311714648622870529,1722745975280672956,MehdiHasanShow,https://twitter.com/MehdiHasanShow/status/1722745975280672956,"BenzionSanders, mehdirhasan"
Thu Nov 09 22:40:10 +0000 2023,1722745926681329815,"In the world of simple math, ISIS didn't stand for Syria and Iraq, Al-Qaeda didn't represent Afghanistan, and Iran's regime doesn't speak for Iranians. #Hamas may echo ISIS, Iran, and Al-Qaeda, but it certainly doesn't echo the people of #Gaza! #Israel #HamasTerrorrists",11,118,417,700,en,406527960,1722745926681329815,amjadt25,https://twitter.com/amjadt25/status/1722745926681329815,
Thu Nov 09 22:40:07 +0000 2023,1722745912294830380,Israel eliminates 130 Hamas tunnels in Gaza as airstrike kills weapons maker https://t.co/EsxVIFD0Js,2,31,29,256,en,17469289,1722745912294830380,nypost,https://twitter.com/nypost/status/1722745912294830380,
Thu Nov 09 22:40:00 +0000 2023,1722745883002048568,Most popular entertainment activities in Gaza:  1. LGBTQ rooftop throwdown parties 2. Climate friendly rocket production 3. Burning Zionist flags 4. Sharia enforcing lash giving events  5. Sleep with Yahya Sinwar (only males),3,11,47,247,en,1722089100352585728,1722745883002048568,HamasHQ,https://twitter.com/HamasHQ/status/1722745883002048568,
Thu Nov 09 22:39:24 +0000 2023,1722745732434735389,"@RNcat50 @OmarBaddar @AngieNixon @michellesalzman ‚ÄúWe are at 10,000 dead Palestinians. How many will be enough‚Äù.  That‚Äôs when ‚Äúall of them‚Äù came in.  So, no. They were not referring to Hamas. Disgusting",0,1,7,185,en,2503858058,1722655808549183850,yasminwilde,https://twitter.com/yasminwilde/status/1722745732434735389,"RNcat50, OmarBaddar, AngieNixon, michellesalzman"
Thu Nov 09 22:39:12 +0000 2023,1722745682270756903,"Putin Vs Netanyahu  üá∑üá∫ Takes in millions of Ukrainian refugees üáÆüá± Prefers to bomb humanitarian corridors  üá∑üá∫ Takes children away from the warfronts to safety üáÆüá± Bu–≥ies children alive  üá∑üá∫ Goes after Azov, and the AFU üáÆüá± Can't defeat Hamas, kiIIs innocent Palestinians instead  üá∑üá∫‚Ä¶",59,301,2229,5728,en,1520737910554824706,1722745682270756903,Alex_Oloyede2,https://twitter.com/Alex_Oloyede2/status/1722745682270756903,
Thu Nov 09 22:38:56 +0000 2023,1722745613907796247,"Oren Goldin üïØÔ∏è  The proud father of twins was last seen trying to protect his kibbutz from Hamas terrorist invasion.   Oren was believed to be kidnapped, but his wife has learned that he was among the murdered.   Their two-year-old twins keep asking for their abba üíî  May Oren's‚Ä¶ https://t.co/WG3PdT4wIU",129,932,3260,10776,en,2161051908,1722745613907796247,AvivaKlompas,https://twitter.com/AvivaKlompas/status/1722745613907796247,
Thu Nov 09 22:38:55 +0000 2023,1722745610934132843,"@Remroum @TMidsouth1 Now the truth comes out. They yell ‚ÄúArab‚Äù, not Hamas nor even Palestinian.",0,0,36,459,en,1150532906546339840,1722581047924122071,Kamal2I,https://twitter.com/Kamal2I/status/1722745610934132843,"Remroum, TMidsouth1"
Thu Nov 09 22:38:09 +0000 2023,1722745419145400750,@benshapiro Life according to Ben:  Israel right to self-defense:‚úÖ  Hamas right to self defense:‚ùå,2,23,17,530,en,1680959288582324224,1722743548741656769,GeorgeBo0bs,https://twitter.com/GeorgeBo0bs/status/1722745419145400750,benshapiro
Thu Nov 09 22:37:57 +0000 2023,1722745367677075873,"@alexshams_ @MariamBarghouti This could use a community note. Not including the fact that Hamas demanded 7,000+ prisoners is kind of odd.",6,71,32,876,en,1589263478249889792,1722725364730839406,keezydotweet,https://twitter.com/keezydotweet/status/1722745367677075873,"alexshams_, MariamBarghouti"
Thu Nov 09 22:35:02 +0000 2023,1722744632985940022,"This is Yagil Yaakov, a 13 yr-old hostage that Hamas has had for over a month.  Left picture is from before he was kidnapped.  Right picture is him today, from a Hamas propaganda video. üíî https://t.co/G5MQ6tFBH9",6,60,115,257,en,1329171068196622337,1722744632985940022,leslibless,https://twitter.com/leslibless/status/1722744632985940022,
Thu Nov 09 22:34:25 +0000 2023,1722744480082587721,"The blessed moments on May 02, 1998, Iran‚Äôs Leader of the Revolution, Imam Khamenei received the great martyr &amp  founder of Hamas Resistance, Sheikh Ahmad Yassin &amp  accompanying brothers from Hamas. https://t.co/QpuSQZg6sH",1,2,30,163,en,1496921395565105156,1722744480082587721,SayedAmirJafri,https://twitter.com/SayedAmirJafri/status/1722744480082587721,
Thu Nov 09 22:34:09 +0000 2023,1722744412030030083,"President Biden put on a masterclass in diplomacy today. President Biden denied ceasefire calls today as Israel continues to eradicate Hamas. All the while, Biden was able to convince Israel to observe daily pauses in fighting to help innocent Gazans get out of war zones.",10,77,359,1526,en,1486069441259397125,1722744412030030083,BidensWins,https://twitter.com/BidensWins/status/1722744412030030083,
Thu Nov 09 22:33:51 +0000 2023,1722744337660850526,"@AdrianPataki1 @sadthedreamer Hamas wouldn't exist if Israel hadn't spent almost forty years oppressing, displacing, detaining, murdering, etc the Palestinians in the first place. So who really needs to go away, then?",0,10,29,772,en,1052267017435324417,1722654324021485949,GotouSatsuki,https://twitter.com/GotouSatsuki/status/1722744337660850526,"AdrianPataki1, sadthedreamer"
Thu Nov 09 22:33:37 +0000 2023,1722744278383047080,"If you think this massacre of innocents in Gaza by Israel is about Hamas"" or ""Terrorists"" - you're wrong.  It was always about this.   Another Nakba - while the world watches. And does nothing to stop it.""",1,20,148,233,en,4869905412,1722744278383047080,berningman16,https://twitter.com/berningman16/status/1722744278383047080,
Thu Nov 09 22:32:49 +0000 2023,1722744075240042869,CNN has suspended ties with 1 of the journalists who was embedded with Hamas terrorists on 10/7  I can imagine a scenario where the journalist said to higher ups ‚Äúhey Hamas is about to do something big‚Äù  How much did these media orgs know before the 10/7 attack?,52,162,2400,6804,en,875856268056969216,1722744075240042869,DC_Draino,https://twitter.com/DC_Draino/status/1722744075240042869,
Thu Nov 09 22:32:14 +0000 2023,1722743929303429462,learning that hamas is mostly teenagers only makes me think of how many children israel are currently radicalizing against them.,0,2,21,230,en,1685095135,1722743929303429462,celesitial,https://twitter.com/celesitial/status/1722743929303429462,
Thu Nov 09 22:31:47 +0000 2023,1722743816711541234,"Any Arab or Muslim pundit who supports decimating Hamas? By decimating we mean taking out its top leadership and its military capability.  While all these pundits insist that they are not defending Hamas, they are dying to prove that eradicating it is impossible.",2,3,32,201,en,39344961,1722743816711541234,hahussain,https://twitter.com/hahussain/status/1722743816711541234,
Thu Nov 09 22:31:41 +0000 2023,1722743791952843082,@benshapiro they elected Hamas or Israel elected Hamas?,0,17,12,491,en,1627573846315507712,1722743548741656769,TateWhiteRabbit,https://twitter.com/TateWhiteRabbit/status/1722743791952843082,benshapiro
Thu Nov 09 22:30:43 +0000 2023,1722743548741656769,"The last time Palestinians determined their own future"" they elected Hamas. The right to ""determine your own future"" is completely conditional on not supporting genocidal terrorist groups. That's the entire problem.""",411,4737,2462,14902,en,17995040,1722743548741656769,benshapiro,https://twitter.com/benshapiro/status/1722743548741656769,
Thu Nov 09 22:30:08 +0000 2023,1722743401945215470,"Those who believe that Western college students supporting Hamas are just ‚Äústupid‚Äù, ‚Äúignorant‚Äù, and ‚Äúdon‚Äôt know what they‚Äôre doing‚Äù, instead of evil:  Have you ever supported terrorist groups that slaughter innocents?  If not, then why hold them to a lesser standard? They‚Äôre evil",4,36,175,684,en,1518782867333173249,1722743401945215470,TheBoschFawstin,https://twitter.com/TheBoschFawstin/status/1722743401945215470,
Thu Nov 09 22:29:33 +0000 2023,1722743255077462212,This strongly implies SDL believes it is not a bad thing to support Hamas.,0,12,5,113,en,15522405,1722743255077462212,philthatremains,https://twitter.com/philthatremains/status/1722743255077462212,
Thu Nov 09 22:27:46 +0000 2023,1722742806777610299,"Let's meet Sol (Bracha).  She's an anti Zionist Jew.  Her grandfather was a Nazi hunter, but she won't condemn Hamas.  Go figure. https://t.co/1Hjzsq083U",9,97,17,120,en,1523660076824899584,1722742806777610299,FrumTikTok,https://twitter.com/FrumTikTok/status/1722742806777610299,
Thu Nov 09 22:27:24 +0000 2023,1722742713353699668,"On Oct. 9, Obama condemned Hamas for brazen terrorist attacks,"" and since then released lengthy, nuanced statements. 1 admin official, who is Jewish, told Axios: ""President Biden has moral clarity at a time when there's a lack of moral clarity in America and around the world. He‚Ä¶""",4,4,15,129,en,370982639,1722729404093116585,AlexThomp,https://twitter.com/AlexThomp/status/1722742713353699668,
Thu Nov 09 22:27:09 +0000 2023,1722742648757445075,"@POTUS .@POTUS What Hamas did to Israel's civilians was a horrific war crime and they should be brought to justice.   Mr. President, Acts of violence against civilians in any conflict are deplorable and contravene international law. Accountability for such acts is essential. Upholding‚Ä¶",2,87,57,420,en,76713848,1722739594339197111,4HumanUnity,https://twitter.com/4HumanUnity/status/1722742648757445075,"POTUS, POTUS"
Thu Nov 09 22:26:58 +0000 2023,1722742604431839450,"There is a meeting today between the head of the CIA, Mossad and the leader of Qatar in Doha, the capital of Qatar.   A few miles away the leaders of the Terrorist organization Hamas are staying in a hotel watching the meeting from their rooms in the 20th floor of their hotel.",2,17,163,136,en,267595237,1722742604431839450,kevinhaddad08,https://twitter.com/kevinhaddad08/status/1722742604431839450,
Thu Nov 09 22:26:55 +0000 2023,1722742592478359949,Wise action by @AlboMP to reach out to #Palestine Leader. 95% of Palestinian people have no allegiance to #Hamas who have controlled #Gaza as dictators for 17 years without holding elections. Anthony Albanese speaks with Palestinian leader Mahmoud Abbas https://t.co/FRAs7NRQ3q,6,37,109,367,en,73981267,1722742592478359949,EVERALDATLARGE,https://twitter.com/EVERALDATLARGE/status/1722742592478359949,AlboMP
Thu Nov 09 22:26:40 +0000 2023,1722742528603250811,@BayesianNuance @razibkhan tenuous prptection means you're accepted into Harvard but you'll be assaulted by Hamas between classes,0,3,18,286,en,1450082714661621769,1722738263679488035,nhmncndtn,https://twitter.com/nhmncndtn/status/1722742528603250811,"BayesianNuance, razibkhan"
Thu Nov 09 22:26:36 +0000 2023,1722742509896618157,Israel/Palestine war  Netanyahu has been funding Hamas  Most Israeli's know this   Israeli's trying to protest this corrupt war that they don't want but have been shut down by the Israeli government  USA/WEF/UN &amp  Netanyahu want a vicious severe war with casualties on both sides,6,39,71,119,en,845218206750949376,1722742509896618157,VDejan0000,https://twitter.com/VDejan0000/status/1722742509896618157,
Thu Nov 09 22:25:56 +0000 2023,1722742342078079357,"‚ÄúIf you pay attention to what Hamas is saying, they don't want a ceasefire. It's the Palestinian civilians who are paying the highest price for this war, who desperately want and need a ceasefire.‚Äù  @YousefMunayyer on the international calls for a ceasefire in Gaza. https://t.co/wllNb8p8Kd",3,19,95,266,en,1311714648622870529,1722742342078079357,MehdiHasanShow,https://twitter.com/MehdiHasanShow/status/1722742342078079357,YousefMunayyer
Thu Nov 09 22:25:28 +0000 2023,1722742227615490533,@DrEliDavid It's obvious Hamas are in control of the hospital,1,43,8,168,en,862787259057176576,1722731047572394026,lite2323,https://twitter.com/lite2323/status/1722742227615490533,DrEliDavid
Thu Nov 09 22:25:20 +0000 2023,1722742191875825769,@MarioNawfal Hamas needs to surrender immediately!,0,31,7,441,en,2342744293,1722741221464932633,c21markm,https://twitter.com/c21markm/status/1722742191875825769,MarioNawfal
Thu Nov 09 22:25:15 +0000 2023,1722742171609059371,https://t.co/Q55gjjWHhL Palestinian grandmother on Hamas TV says Jihad against Jews is the top priority of the Palestinian people. Therefore she threatens to sacrifice all her 17 children and all her 65 grandchildren as suicide bombers (martyrs) in order to ethnically cleanse the‚Ä¶,219,338,1089,1418,en,1129279740068737024,1722742171609059371,LizaRosen0000,https://twitter.com/LizaRosen0000/status/1722742171609059371,
Thu Nov 09 22:24:32 +0000 2023,1722741992793297371,"Oren Goldin, a father of two, who was believed to be kidnapped by Hamas, was just declared dead.  He leaves behind him a crushed wife, Oshrit and their twins.   May his memory be a blessing üíî https://t.co/nJyjJn94Xj",275,1206,4369,18237,en,1686270312,1722741992793297371,HenMazzig,https://twitter.com/HenMazzig/status/1722741992793297371,
Thu Nov 09 22:24:31 +0000 2023,1722741988746043636,"Israel-Hamas, like bail, the carbon tax and secretly gender transitioning children in schools, is yet another issue on which 80 per cent of Canadians are on one side and yet it's constantly framed as controversial."" https://t.co/9rryv0YwSa""",24,57,267,899,en,243794322,1722741988746043636,TristinHopper,https://twitter.com/TristinHopper/status/1722741988746043636,
Thu Nov 09 22:24:17 +0000 2023,1722741926921646543,@MarioNawfal I heard Hamas has PLENTY of fuel and such. Also have you forgotten that they have 240 hostages? Until they are free don‚Äôt even bother with this ‚Äúceasefire‚Äù nonsense,0,12,14,213,en,1486352997932224516,1722741221464932633,nosmhsnow,https://twitter.com/nosmhsnow/status/1722741926921646543,MarioNawfal
Thu Nov 09 22:24:17 +0000 2023,1722741926875578595,@MarioNawfal Ask Hamas to switch the light from downstairs really. No need for ceasefire !,0,20,6,399,en,1429579577802756099,1722741221464932633,AlineaCapitalGr,https://twitter.com/AlineaCapitalGr/status/1722741926875578595,MarioNawfal
Thu Nov 09 22:24:11 +0000 2023,1722741902074908888,"I firmly believe that you Mr Sheikh Ahmad Yassin, these brothers &amp  those brothers who‚Äôre fighting in üáµüá∏, are at the forefront of the war b/w Islam &amp  infidelity, &amp  the war b/w truth &amp  falsehood.  Imam Khamenei in meeting with founder of Hamas, Shekh Ahmad Yassin (May 02, 1998) https://t.co/JxnMa5pHMP",4,1,88,337,en,1496921395565105156,1722741902074908888,SayedAmirJafri,https://twitter.com/SayedAmirJafri/status/1722741902074908888,
Thu Nov 09 22:23:06 +0000 2023,1722741629956587939,The death of a gay IDF soldier in the Israel-Hamas war prompted the Israeli Knesset to pass an amendment this week recognizing LGBTQ+ partners of fallen service members as widows and widowers. https://t.co/6Hff54AQTT,30,18,109,529,en,1087380412089987077,1722741629956587939,therecount,https://twitter.com/therecount/status/1722741629956587939,
Thu Nov 09 22:23:00 +0000 2023,1722741605743108097,BREAKING: University of Florida and University of South Florida are openly disobeying the chancellor and the governor's order to disband the student groups that have pledged material support for Hamas terrorism. This is a showdown‚Äîand the governor is determined to win it. https://t.co/QGpPHDvl3y,65,160,827,3830,en,3066800573,1722741605743108097,realchrisrufo,https://twitter.com/realchrisrufo/status/1722741605743108097,
Thu Nov 09 22:22:47 +0000 2023,1722741551355355242,@MarioNawfal They should ask Hamas for some fuel.,0,10,4,467,en,834395990023143424,1722741221464932633,2VNews,https://twitter.com/2VNews/status/1722741551355355242,MarioNawfal
Thu Nov 09 22:21:31 +0000 2023,1722741231644508166,"Instead of pressuring Israel for a ceasefire, urge Hamas to surrender and release the hostages. This is the only solution.",4,6,61,333,en,18479527,1722741231644508166,SachaRoytman,https://twitter.com/SachaRoytman/status/1722741231644508166,
Thu Nov 09 22:21:30 +0000 2023,1722741227508933049,"After collecting welfare checks from Trudeau, these dangerous Hamas supporters have infested Union Station, stopping taxpayers from getting to work on time.  This is Olivia Chow's Toronto. Had enough yet? Deportations? Discuss below.  https://t.co/Go8jYvGJxm",10,86,155,411,en,1518680588756131841,1722741227508933049,mark_slapinski,https://twitter.com/mark_slapinski/status/1722741227508933049,
Thu Nov 09 22:21:14 +0000 2023,1722741160370667837,@briebriejoy Hamas chopped the breasts off of Jewish women and raped them. You‚Äôre a ghoul.,13,131,21,355,en,695054484083470336,1722719396487974982,politicalelle,https://twitter.com/politicalelle/status/1722741160370667837,briebriejoy
Thu Nov 09 22:20:34 +0000 2023,1722740993789931595,@rozina_ali Why would you call a person who supports Hamas and terrorists? She has never stated that the hostages should be released. She is a disgrace to our Congress. The President has done right and should continue not speaking to her.,0,5,2,136,en,1598690437228888066,1722689151902888322,Vegasdave59,https://twitter.com/Vegasdave59/status/1722740993789931595,rozina_ali
Thu Nov 09 22:19:09 +0000 2023,1722740635537457659,@socialist_app Why are 'communists' supporting Hamas? They're fascists.,0,16,0,137,en,1135712292677541893,1721556484532703571,Zokko18,https://twitter.com/Zokko18/status/1722740635537457659,socialist_app
Thu Nov 09 22:18:29 +0000 2023,1722740468251844627,"Pro-Palestine/pro-Hamas protesters are currently taking over the New York Times building in NYC because they claim that NYT is complicit in the genocide/apartheid"" by Israel. Ironically, NYT journalists were just been discovered going into Israel with Hamas as they carried out‚Ä¶ https://t.co/vZThqpWwCi""",10,72,73,298,en,1429709351305060353,1722740468251844627,LeftismForU,https://twitter.com/LeftismForU/status/1722740468251844627,
Thu Nov 09 22:18:19 +0000 2023,1722740427537678641,Anyone think Hamas is a liberation movement should think again. It is an oppressive sick gang.  #RIP,0,7,31,114,en,255040592,1722740427537678641,Nervana_1,https://twitter.com/Nervana_1/status/1722740427537678641,
Thu Nov 09 22:18:12 +0000 2023,1722740398152679878,"@jakeshieldsajj @KonstantinKisin Jake you just used Hamas and Palestinian interchangeably. We all get you're passionate about this subject but this isn't helping.  Hamas is 100% antisemitic. Palestinians, I have no idea. And Israel isn't ethnically cleansing anyone. They could do that tomorrow if they wanted.",0,16,17,427,en,1314051078460116992,1722649555668287553,thetiredmodera1,https://twitter.com/thetiredmodera1/status/1722740398152679878,"jakeshieldsajj, KonstantinKisin"
Thu Nov 09 22:17:19 +0000 2023,1722740177603351039,"Read your own resolution, @RepCasar.  It doesn't even mention hostages. It doesn't even mention Hamas.  Stop deceiving.  You aren't protecting innocent lives. You're jeopardizing them by keeping Hamas in power.",3,61,51,192,en,15987296,1722740177603351039,AIPAC,https://twitter.com/AIPAC/status/1722740177603351039,RepCasar
Thu Nov 09 22:16:55 +0000 2023,1722740074213982588,"@JustinTrudeau @DeborahLyonsSE To combat anti-semitism,  We are hiring Hamas soldiers in the RCMP. üá®üá¶üá®üá¶üá®üá¶",2,21,10,178,en,1561636768486604801,1722737436898238706,ChrystiaEgo,https://twitter.com/ChrystiaEgo/status/1722740074213982588,"JustinTrudeau, DeborahLyonsSE"
Thu Nov 09 22:16:55 +0000 2023,1722740073949454813,Raise your hand if you think all Hamas supporters that aren't permanent residents or citizens should be DEPORTED immediately  ‚úã  Union Station is virtually indistinguishable from the Gaza Strip thanks to these THUGS,15,41,80,484,en,1518680588756131841,1722740073949454813,mark_slapinski,https://twitter.com/mark_slapinski/status/1722740073949454813,
Thu Nov 09 22:16:50 +0000 2023,1722740055934943396,@POTUS How about you just let Israel do what they need to do to defeat Hamas?,0,84,20,374,en,49034507,1722739594339197111,real_defender,https://twitter.com/real_defender/status/1722740055934943396,POTUS
Thu Nov 09 22:16:26 +0000 2023,1722739951630983630,"In the history of catastrophic decisions, Hamas‚Äôs decision to invade Israel goes down as the one that tops the lot in the last 60 years since Viet Nam.   Not only did they invade a sovereign country, kill, rape and hold hostages, they have triggered the mass carnage on Gazans.",0,9,23,111,en,997041906340085760,1722739951630983630,MAAS_UK,https://twitter.com/MAAS_UK/status/1722739951630983630,
Thu Nov 09 22:15:00 +0000 2023,1722739593609683359,"Rep. Buddy Carter said that he's all in favor of a cease-fire"" between Israel and Hamas, as long as Hamas, the terrorist group that attacked Israel on Oct. 7, is first ""wiped off the face of the Earth."" https://t.co/3PsYUjTePq https://t.co/xI2LfK73Xi""",4,26,82,416,en,20545835,1722739593609683359,NEWSMAX,https://twitter.com/NEWSMAX/status/1722739593609683359,
Thu Nov 09 22:14:39 +0000 2023,1722739505374105892,And then of course the leftists go try to physically beat up anyone who goes to watch the Hamas rape/murder footage in a theater.  https://t.co/C81b6b87Pr,1,15,31,418,en,281877818,1722739026883678660,Noahpinion,https://twitter.com/Noahpinion/status/1722739505374105892,
Thu Nov 09 22:14:18 +0000 2023,1722739416085508534,"Deal for 80 Gaza hostages in the works  Hamas demands jailed terrorists plus pause in fighting &amp  fuel  Israel hopes to secure release of all children, willing to free prisoners as part of a large deal. via @ynetalerts",31,88,124,456,en,1177130437572997120,1722739416085508534,IsraelRadar_com,https://twitter.com/IsraelRadar_com/status/1722739416085508534,ynetalerts
Thu Nov 09 22:12:45 +0000 2023,1722739026883678660,"It's kind of incredible that we have this much footage of Hamas recording themselves raping and murdering random people, and yet still every day the online leftists claim that October 7th didn't happen or was a false flag or whatever.",24,139,444,3912,en,281877818,1722739026883678660,Noahpinion,https://twitter.com/Noahpinion/status/1722739026883678660,
Thu Nov 09 22:11:43 +0000 2023,1722738764295094647,@visegrad24 They‚Äôre accepting data from Hamas why does their opinion matter?,0,4,9,467,en,1486652253268176899,1722738293941407878,mxnnft,https://twitter.com/mxnnft/status/1722738764295094647,visegrad24
Thu Nov 09 22:11:19 +0000 2023,1722738663925121078,"I didn't think it possible to loathe any politician as much as I loathed Sturgeon, however, step forward Hamas Yousless. I cannot stand the arrogant pri*k.",1,8,31,258,en,4164986867,1722738663925121078,JoyousCivic,https://twitter.com/JoyousCivic/status/1722738663925121078,
Thu Nov 09 22:11:07 +0000 2023,1722738615459914197,"Such a cowardly move @washingtonpost. It‚Äôs a political cartoon. A political cartoonist should be free to skewer anyone - Hamas, Israel, you name it. And btw, it‚Äôs a pretty damn accurate skewering of what Hamas does. So cowardly to pull it.",6,55,164,681,en,236487888,1722738615459914197,WalshFreedom,https://twitter.com/WalshFreedom/status/1722738615459914197,washingtonpost
Thu Nov 09 22:10:15 +0000 2023,1722738398425759887,The Biden administration is refusing to sign military assistance for Israel into law unless Congress funds Hamas.    Biden‚Äôs continued support for Hamas is disgraceful.,272,2544,4016,9959,en,278145569,1722738398425759887,MarshaBlackburn,https://twitter.com/MarshaBlackburn/status/1722738398425759887,
Thu Nov 09 22:08:56 +0000 2023,1722738064567492891,"IDF finds Hamas weapons factory next to Gazan children's bedroom. Haters will say it has been there since COVID. Work from home.  So let's get started with this scrum thing, Ali?  Ali: Yes, making bombs.""  Hamza: ""Making bombs too.""  Ahmed: ""Bombs.""  Abu: ""Checking out Fatima's‚Ä¶""",3,11,46,164,en,927513257946083329,1722738064567492891,ImtiazMadmood,https://twitter.com/ImtiazMadmood/status/1722738064567492891,
Thu Nov 09 22:08:49 +0000 2023,1722738036323287348,The absolute moral corruption of the claim that ‚Äúexpressing horror &amp  distress at the slaughter of thousands of Palestinian civilians equates to supporting Hamas &amp  anti semitism‚Äù is truly mind bending.,0,33,160,602,en,233343317,1722738036323287348,noplaceforsheep,https://twitter.com/noplaceforsheep/status/1722738036323287348,
Thu Nov 09 22:08:35 +0000 2023,1722737979695813080,Antisemitism has no place in New Hampshire.   Israel and the Jewish people have a right to exist and live in peace.   Support for the barbaric terrorist group Hamas at UNH is appalling and shameful. #nhpolitics #nhgov,6,38,42,180,en,229592356,1722737979695813080,KellyAyotte,https://twitter.com/KellyAyotte/status/1722737979695813080,
Thu Nov 09 22:06:05 +0000 2023,1722737350533362044,"A lot of the anti isreal group already jumping on the bandwagon saying Isreali forces are shooting at a unarmed paramedic, however now that the video is Slowed down you can clearly see that the paramedic"" ran over to the hamas fighter and retrieved the weapon before giving it to‚Ä¶ https://t.co/9lu1ZfL4is""",5,30,88,506,en,1378947769184976896,1722737350533362044,cossackgundi,https://twitter.com/cossackgundi/status/1722737350533362044,
Thu Nov 09 22:05:56 +0000 2023,1722737309651439790,"This is simply not true because Israel‚Äôs definition of ‚Äúgoing after Hamas‚Äù is killing 10,000s of civilians so this framing is rejected by vast bulk of the humanitarian and human rights world, actually yes https://t.co/D5fDK5Pm5k",0,2,28,143,en,756331316,1722736858222755867,adamjohnsonCHI,https://twitter.com/adamjohnsonCHI/status/1722737309651439790,
Thu Nov 09 22:05:41 +0000 2023,1722737247097606370,A message for #Hamas  Warning - strong language is involved  ‚ÄúI hope the missile drops on your house whilst your on the toilet‚Äù   #hamasisISIS       #BringThemHome  #StandWithIsrael.  #SupportTheIDF https://t.co/whSBlTdl4O,13,52,95,318,en,760964492729745409,1722737247097606370,Never_Again_UK_,https://twitter.com/Never_Again_UK_/status/1722737247097606370,
Thu Nov 09 22:05:16 +0000 2023,1722737142688874961,"We cannot allow Hamas to win the information war using dangerous lies and misinformation. In yesterday's @HouseForeignGOP hearing, a Biden Admin State Department official admitted what I already knew: Hamas uses actors to FALSELY portray IDF killings.  Far-Left lawmakers like‚Ä¶ https://t.co/GY5IhMZubL",12,66,208,642,en,1611138873496637440,1722737142688874961,RepMillsPress,https://twitter.com/RepMillsPress/status/1722737142688874961,HouseForeignGOP
Thu Nov 09 22:05:06 +0000 2023,1722737099219124708,AIPAC is fundraising by juxtaposing Rashida Tlaib - the only Palestinian-American in Congress - over body bags containing Israeli victims of the October 7 Hamas attack https://t.co/WoGAWqLMvT,9,17,67,132,en,211667317,1722737099219124708,Bsamuels0,https://twitter.com/Bsamuels0/status/1722737099219124708,
Thu Nov 09 22:05:01 +0000 2023,1722737082106364336,"It's shocking how little coverage this is getting:  After the Oct. 7 attack, Hamas offered to free children, women &amp  elderly hostages in exchange for 5 day ceasefire.  Israel said no and invaded Gaza instead.  Those hostages are now trapped under the bombs https://t.co/6A2A95fMQH",6,23,87,135,en,196159856,1722737082106364336,Seriewoordenaar,https://twitter.com/Seriewoordenaar/status/1722737082106364336,
Thu Nov 09 22:04:55 +0000 2023,1722737055300534381,"Thank you, #Broadway stars, for this beautiful remake of @lesmisofficial's Bring Him Home"" song to help draw attention to the hostages being held captive by Hamas. Together, we pray for their safe return. #BringThemHome https://t.co/bkJdlxrCit""",9,0,56,154,en,19670226,1722737055300534381,ADL,https://twitter.com/ADL/status/1722737055300534381,lesmisofficial
